customer_id,age,annual_income,monthly_debt,loan_amount,loan_term_months,credit_score,employment_years,account_age_months,num_previous_loans,previous_defaults,debt_to_income,loan_to_income,default
C0001,30,384902,5358,404785,72,646,6.8,41,4,1,0.167,1.0517,1
C0002,61,391299,8515,425400,72,671,7.4,149,3,0,0.2611,1.0871,0
C0003,23,949659,16110,755889,12,639,5.8,45,0,0,0.2036,0.796,0
C0004,25,2206967,34722,843844,12,593,9.8,143,4,0,0.1888,0.3824,0
C0005,35,571735,7229,294098,12,702,9.8,80,3,0,0.1517,0.5144,0
C0006,36,1399786,86939,199741,60,639,4.1,180,1,1,0.7453,0.1427,1
C0007,58,1201132,32021,117319,36,587,3.9,20,3,0,0.3199,0.0977,0
C0008,43,1171820,67435,879700,72,657,16.3,173,1,0,0.6906,0.7507,0
C0009,60,2076981,20131,1118554,48,658,10.2,62,0,0,0.1163,0.5385,1
C0010,50,546454,14504,674834,48,542,5.2,104,6,0,0.3185,1.2349,1
C0011,30,1399145,58985,381680,48,639,7.4,81,0,0,0.5059,0.2728,0
C0012,34,726319,21558,932554,72,649,4.8,166,2,0,0.3562,1.2839,1
C0013,56,282398,17222,240306,36,646,3.2,34,1,2,0.7318,0.8509,1
C0014,27,807477,45237,1046739,60,721,6.4,38,4,0,0.6723,1.2963,1
C0015,57,1123688,50944,968762,60,633,6.1,177,3,1,0.544,0.8621,1
C0016,60,1203658,11305,1534450,72,707,7.3,7,0,0,0.1127,1.2748,1
C0017,38,1448018,76847,1258403,48,653,5.6,39,1,0,0.6368,0.8691,1
C0018,50,1766031,55883,1029421,72,760,4.6,114,5,1,0.3797,0.5829,0
C0019,29,1322940,57296,434802,36,754,8.8,41,3,0,0.5197,0.3287,0
C0020,58,690658,37427,926638,12,809,5.0,18,6,0,0.6503,1.3417,1
C0021,53,1176521,51672,54520,48,606,12.7,48,2,0,0.527,0.0463,0
C0022,58,2321247,51780,672241,24,755,3.8,45,4,1,0.2677,0.2896,1
C0023,60,2279795,16910,1114993,12,678,0.5,46,6,0,0.089,0.4891,0
C0024,30,1312702,79924,133344,60,754,3.6,154,4,0,0.7306,0.1016,0
C0025,36,1597782,86607,679139,48,743,7.3,177,2,0,0.6505,0.4251,0
C0026,59,699351,37234,273508,60,675,6.8,24,0,0,0.6389,0.3911,1
C0027,33,2117879,130955,1742611,72,617,10.1,162,4,2,0.742,0.8228,0
C0028,31,1389250,16029,1606960,60,720,12.6,35,1,0,0.1385,1.1567,1
C0029,39,2399839,26195,1380190,48,689,0.5,19,6,0,0.131,0.5751,0
C0030,39,957723,38154,946924,60,710,7.2,119,5,0,0.4781,0.9887,0
C0031,46,901150,54174,133665,36,693,5.9,99,1,0,0.7214,0.1483,0
C0032,49,928243,12649,421305,48,773,3.8,66,2,0,0.1635,0.4539,0
C0033,38,1399064,7075,1037108,24,764,10.4,103,1,0,0.0607,0.7413,0
C0034,37,1215009,27313,885643,36,685,7.8,12,6,0,0.2698,0.7289,0
C0035,48,1668943,25405,1267584,36,680,8.8,72,0,1,0.1827,0.7595,0
C0036,55,765053,39787,249312,36,751,12.8,104,4,0,0.6241,0.3259,0
C0037,35,1807655,83678,708328,72,736,0.5,90,6,1,0.5555,0.3918,0
C0038,41,813883,29554,845125,72,687,6.7,55,4,0,0.4357,1.0384,0
C0039,23,1554543,81516,1423017,36,743,6.0,154,3,0,0.6292,0.9154,0
C0040,33,635658,35780,746101,72,665,2.7,78,6,0,0.6755,1.1737,1
C0041,35,898047,42060,202731,48,698,10.0,127,3,0,0.562,0.2257,0
C0042,48,1303344,2726,1624886,12,691,4.1,43,6,0,0.0251,1.2467,0
C0043,26,1325213,62901,1450011,60,676,8.8,40,4,0,0.5696,1.0942,1
C0044,55,2069880,60446,383778,72,724,4.4,146,6,0,0.3504,0.1854,0
C0045,56,2312547,76901,541768,36,654,4.8,25,2,0,0.399,0.2343,0
C0046,32,1177383,56377,904797,36,632,6.5,22,1,0,0.5746,0.7685,1
C0047,60,361922,17629,53091,36,620,11.2,103,2,0,0.5845,0.1467,1
C0048,57,1205006,30760,622386,48,626,0.5,130,5,0,0.3063,0.5165,1
C0049,33,2240376,9069,876320,60,625,16.8,142,4,0,0.0486,0.3911,0
C0050,34,490909,14422,393254,24,643,9.1,72,3,0,0.3525,0.8011,0
C0051,49,1338103,8826,783920,24,637,9.3,144,5,2,0.0792,0.5858,1
C0052,24,919137,10272,1043129,72,789,7.3,67,3,0,0.1341,1.1349,0
C0053,33,760385,9084,656794,12,656,7.4,85,2,0,0.1434,0.8638,0
C0054,35,598752,17915,156851,72,700,4.9,157,4,0,0.359,0.262,0
C0055,59,452256,4259,580538,72,733,4.6,100,2,1,0.113,1.2836,0
C0056,52,921691,13543,1144182,72,673,5.3,117,4,0,0.1763,1.2414,1
C0057,60,1405732,38559,995400,24,723,5.7,28,6,0,0.3292,0.7081,1
C0058,43,1042691,15901,794121,36,624,4.5,130,5,0,0.183,0.7616,1
C0059,56,1081348,33499,1498312,48,739,12.5,131,5,0,0.3717,1.3856,1
C0060,48,1300495,78225,823891,48,640,7.2,84,5,0,0.7218,0.6335,1
C0061,52,1416305,43359,300724,72,724,6.0,55,4,0,0.3674,0.2123,0
C0062,40,1466982,27443,671273,24,655,4.6,31,5,0,0.2245,0.4576,1
C0063,26,1505309,15446,75722,60,660,6.3,131,2,0,0.1231,0.0503,1
C0064,53,758516,28260,565633,12,615,7.9,22,1,2,0.4471,0.7457,0
C0065,28,1320988,80135,1708303,60,757,12.0,161,1,0,0.728,1.2932,0
C0066,60,2078642,76531,1352388,12,625,13.0,84,6,0,0.4418,0.6506,1
C0067,28,938745,2175,906723,48,758,7.3,46,5,0,0.0278,0.9659,0
C0068,52,578549,19337,705420,60,623,9.8,65,3,1,0.4011,1.2193,0
C0069,40,876582,40996,655260,48,705,9.2,84,0,0,0.5612,0.7475,1
C0070,57,2351127,23087,1304173,12,761,10.8,118,4,0,0.1178,0.5547,0
C0071,59,367012,20882,71092,24,695,13.0,74,3,0,0.6828,0.1937,0
C0072,50,2342447,125210,779727,48,648,8.1,29,6,1,0.6414,0.3329,1
C0073,41,1959618,13542,709590,36,626,9.0,122,2,1,0.0829,0.3621,1
C0074,57,2217669,16209,443389,60,621,1.4,111,5,0,0.0877,0.1999,1
C0075,40,829509,9957,110543,72,667,10.9,130,4,0,0.144,0.1333,1
C0076,49,670947,9435,533863,12,665,3.7,63,5,0,0.1687,0.7957,0
C0077,49,2303749,39917,854438,24,686,10.0,147,4,0,0.2079,0.3709,1
C0078,49,1705540,37018,1770816,12,672,1.5,135,4,0,0.2605,1.0383,0
C0079,32,2152955,100883,1004926,36,671,3.4,147,6,0,0.5623,0.4668,1
C0080,49,463070,26402,545951,72,728,2.1,87,5,0,0.6842,1.179,0
C0081,32,2357558,89030,260479,48,684,9.0,157,0,0,0.4532,0.1105,0
C0082,32,593852,19368,405007,60,662,8.7,126,6,0,0.3914,0.682,0
C0083,57,1873874,116344,1184592,12,672,12.4,130,4,2,0.745,0.6322,1
C0084,28,2100208,101663,1379065,72,726,4.0,31,5,0,0.5809,0.6566,1
C0085,43,515381,10001,606968,48,738,6.0,43,4,0,0.2329,1.1777,0
C0086,47,1290113,78435,350139,24,650,9.2,133,2,0,0.7296,0.2714,0
C0087,52,1486414,47293,1282227,36,658,6.0,119,5,0,0.3818,0.8626,1
C0088,47,2306721,64182,849778,60,654,2.9,33,5,0,0.3339,0.3684,0
C0089,48,1431254,81482,1612739,48,703,15.0,18,6,0,0.6832,1.1268,0
C0090,45,1198571,26920,1352103,36,658,14.0,168,5,0,0.2695,1.1281,1
C0091,29,445350,13955,187795,12,741,5.4,154,2,0,0.376,0.4217,0
C0092,46,2384679,45134,588905,48,735,8.4,75,6,0,0.2271,0.247,1
C0093,27,870377,49462,883432,60,649,7.1,179,2,1,0.6819,1.015,1
C0094,39,1878136,50689,277218,72,690,7.4,169,4,0,0.3239,0.1476,0
C0095,27,2227279,32585,343133,12,666,9.9,110,0,0,0.1756,0.1541,0
C0096,31,1910098,50629,1456111,72,665,7.1,122,4,0,0.3181,0.7623,1
C0097,49,695326,4144,773811,36,625,9.8,77,1,0,0.0715,1.1129,1
C0098,46,1784387,54184,628565,24,817,4.6,21,6,0,0.3644,0.3523,0
C0099,61,369579,20500,157586,12,707,10.4,38,6,0,0.6656,0.4264,0
C0100,44,898887,2185,631487,24,759,9.7,158,6,2,0.0292,0.7025,0
C0101,31,342328,12609,58273,24,758,2.6,156,2,2,0.442,0.1702,1
C0102,51,1798501,79812,278702,48,556,7.9,137,0,0,0.5325,0.155,0
C0103,56,1545129,64781,892252,48,717,0.5,21,5,2,0.5031,0.5775,1
C0104,61,902157,10270,626750,60,640,6.2,22,2,0,0.1366,0.6947,0
C0105,41,2183020,58367,951922,48,681,2.8,35,1,0,0.3208,0.4361,0
C0106,43,2069977,89177,584542,36,764,3.4,86,3,1,0.517,0.2824,1
C0107,29,1842994,75608,1227935,36,625,8.9,156,5,1,0.4923,0.6663,1
C0108,26,1486405,42953,787455,12,647,0.5,159,5,0,0.3468,0.5298,0
C0109,45,1821662,107804,949913,60,720,9.4,63,6,0,0.7101,0.5215,1
C0110,40,401438,10954,418416,36,728,3.2,52,1,0,0.3274,1.0423,0
C0111,48,571862,8013,606251,24,753,10.6,13,3,0,0.1681,1.0601,0
C0112,59,636335,12196,215056,60,713,10.2,19,3,0,0.23,0.338,0
C0113,51,2017212,47242,951594,12,778,6.0,35,2,0,0.281,0.4717,0
C0114,37,1937854,9180,66120,24,673,4.3,159,1,0,0.0568,0.0341,0
C0115,30,312421,14458,329226,72,684,2.8,39,1,0,0.5553,1.0538,1
C0116,25,2109637,62260,213289,36,617,0.7,10,5,0,0.3541,0.1011,0
C0117,48,367478,17076,486221,72,684,9.4,164,2,1,0.5576,1.3231,1
C0118,48,1581385,31041,748495,24,763,12.3,92,4,0,0.2355,0.4733,0
C0119,45,1752619,32968,265596,24,586,6.0,43,2,0,0.2257,0.1515,0
C0120,34,2352477,119677,1478440,60,582,2.9,124,2,0,0.6105,0.6285,0
C0121,32,2124498,106376,626032,60,717,10.9,83,0,0,0.6009,0.2947,1
C0122,46,1484088,86497,239365,60,645,9.0,25,4,0,0.6994,0.1613,0
C0123,25,2166319,86286,1318789,48,654,11.4,54,4,1,0.478,0.6088,0
C0124,28,2396231,47235,132086,24,646,9.2,171,4,0,0.2365,0.0551,0
C0125,46,1466541,80366,159818,72,743,1.8,179,5,0,0.6576,0.109,0
C0126,39,910711,7341,1272093,72,725,11.5,91,5,0,0.0967,1.3968,1
C0127,61,635337,10375,752667,72,736,5.6,90,6,0,0.196,1.1847,1
C0128,50,1797617,49526,697739,24,736,6.8,10,6,0,0.3306,0.3881,0
C0129,31,929887,35271,1181981,72,746,13.8,31,4,1,0.4552,1.2711,1
C0130,32,960514,56483,397160,72,631,3.1,52,5,0,0.7057,0.4135,0
C0131,62,1475074,71993,551572,36,592,7.1,65,6,0,0.5857,0.3739,0
C0132,59,2127999,102851,640918,48,629,5.5,124,1,0,0.58,0.3012,0
C0133,31,1328589,74684,265146,72,713,11.3,101,6,0,0.6746,0.1996,1
C0134,51,898025,8010,515647,48,784,8.2,117,3,2,0.107,0.5742,0
C0135,47,622278,23973,203143,24,696,6.3,31,0,0,0.4623,0.3265,1
C0136,53,2161570,3376,216148,12,678,1.6,163,4,0,0.0187,0.1,0
C0137,50,746351,5129,300021,48,649,7.5,37,5,0,0.0825,0.402,0
C0138,61,348934,18887,351490,24,680,7.5,167,0,0,0.6495,1.0073,1
C0139,49,1065651,6435,1153226,60,667,6.1,98,4,0,0.0725,1.0822,0
C0140,25,1902697,35246,1617236,12,675,7.0,101,1,0,0.2223,0.85,0
C0141,60,1674684,86252,417188,72,729,9.5,92,3,0,0.618,0.2491,1
C0142,52,435121,8605,95934,24,724,7.3,81,2,0,0.2373,0.2205,0
C0143,57,2265582,77002,798629,12,780,6.9,54,6,0,0.4079,0.3525,0
C0144,48,2124389,46438,441784,48,678,14.1,104,6,0,0.2623,0.208,0
C0145,50,611043,37748,358036,36,756,0.5,52,0,2,0.7413,0.5859,0
C0146,33,2141886,119212,138825,72,728,11.2,95,3,0,0.6679,0.0648,0
C0147,26,594745,12484,82653,24,636,5.1,137,6,0,0.2519,0.139,1
C0148,46,1798969,76349,117916,60,721,6.0,104,2,0,0.5093,0.0655,0
C0149,59,857535,20264,573473,12,673,3.0,172,0,0,0.2836,0.6687,0
C0150,39,1371734,30124,1333199,36,619,7.0,120,1,1,0.2635,0.9719,0
C0151,51,648221,24768,794007,12,559,10.9,87,4,0,0.4585,1.2249,1
C0152,34,1796208,31391,304515,24,693,2.1,136,3,2,0.2097,0.1695,0
C0153,52,824299,28093,1053833,60,671,5.7,85,3,0,0.409,1.2785,0
C0154,27,2167329,92312,319137,60,664,5.6,125,1,0,0.5111,0.1472,0
C0155,26,800769,23145,522845,36,679,3.6,47,4,0,0.3468,0.6529,0
C0156,58,1431131,83922,685069,60,621,4.5,38,1,0,0.7037,0.4787,0
C0157,33,1696079,12646,145340,72,632,9.8,13,6,0,0.0895,0.0857,0
C0158,24,2368923,145019,657485,72,742,1.4,166,6,0,0.7346,0.2775,0
C0159,52,586071,33735,537002,24,657,6.1,112,2,0,0.6907,0.9163,0
C0160,45,1952338,101701,827079,60,650,12.9,39,3,1,0.6251,0.4236,1
C0161,29,492253,15701,310330,24,739,6.0,163,6,0,0.3828,0.6304,0
C0162,54,2237964,82882,1093061,12,732,5.4,133,3,0,0.4444,0.4884,1
C0163,45,484087,24037,543446,36,713,11.4,173,4,1,0.5959,1.1226,0
C0164,48,1814852,54505,157285,60,644,10.5,17,2,2,0.3604,0.0867,0
C0165,58,1453233,17572,319826,12,622,9.5,162,3,0,0.1451,0.2201,0
C0166,32,1114909,68731,891769,60,702,6.6,160,5,0,0.7398,0.7999,1
C0167,52,904702,42178,718005,24,642,3.2,89,3,0,0.5595,0.7936,1
C0168,55,2334565,80588,1045921,12,628,3.6,150,3,0,0.4142,0.448,0
C0169,24,2270575,61649,1562885,12,767,6.4,154,4,0,0.3258,0.6883,0
C0170,47,899816,17872,116208,60,712,6.0,180,0,0,0.2383,0.1291,0
C0171,49,1135183,10163,1530117,24,732,1.2,126,4,0,0.1074,1.3479,0
C0172,43,1006379,61776,1168048,36,615,12.3,123,6,0,0.7366,1.1606,1
C0173,39,2310798,80249,521580,36,728,8.1,148,6,0,0.4167,0.2257,0
C0174,45,1426964,17974,1252668,72,582,13.0,79,3,0,0.1512,0.8779,0
C0175,32,1498246,47398,977729,72,735,16.6,26,2,0,0.3796,0.6526,0
C0176,58,1419263,16316,1341168,72,662,14.3,41,5,0,0.138,0.945,1
C0177,37,500163,5294,194144,12,720,9.9,126,4,0,0.127,0.3882,0
C0178,53,2282564,54286,1635260,36,660,11.9,172,6,2,0.2854,0.7164,1
C0179,25,1014274,56801,882557,48,732,0.5,15,1,0,0.672,0.8701,0
C0180,23,1531547,81007,275025,36,650,4.8,151,4,0,0.6347,0.1796,0
C0181,31,2394821,88686,390775,72,692,4.4,34,3,0,0.4444,0.1632,0
C0182,41,1090177,55148,946958,60,661,6.3,50,0,0,0.607,0.8686,1
C0183,43,1320384,36995,741274,36,695,10.9,120,4,0,0.3362,0.5614,0
C0184,26,775870,22106,217475,48,640,7.4,125,5,0,0.3419,0.2803,0
C0185,41,1821590,64676,371253,48,660,4.9,40,5,0,0.4261,0.2038,0
C0186,57,1196084,12730,1152067,48,642,11.4,69,4,2,0.1277,0.9632,0
C0187,35,908526,9617,480758,72,785,11.0,119,4,0,0.127,0.5292,1
C0188,31,2022416,75912,171082,60,588,4.4,122,5,1,0.4504,0.0846,0
C0189,36,586308,5948,122371,48,706,10.5,22,0,0,0.1217,0.2087,0
C0190,49,1850602,60790,841667,48,815,9.0,103,6,0,0.3942,0.4548,0
C0191,45,777583,10345,813214,24,752,9.2,141,6,1,0.1596,1.0458,0
C0192,50,1870800,34441,1016001,36,707,6.4,64,5,0,0.2209,0.5431,1
C0193,49,345623,3100,284063,60,709,7.1,158,5,0,0.1076,0.8219,1
C0194,37,1191293,20367,1106746,36,702,9.0,20,4,0,0.2052,0.929,1
C0195,43,1273647,70321,513560,48,716,6.3,175,2,0,0.6625,0.4032,0
C0196,34,2071809,66962,148323,36,762,5.1,148,6,0,0.3878,0.0716,0
C0197,49,905864,33032,555346,24,720,6.2,143,2,0,0.4376,0.6131,1
C0198,49,2026960,71467,331212,48,694,10.5,148,5,1,0.4231,0.1634,0
C0199,28,1078937,41513,132937,12,709,10.7,160,1,0,0.4617,0.1232,0
C0200,36,1676553,4009,494193,24,711,3.9,83,6,0,0.0287,0.2948,0
C0201,61,1137790,39101,848305,48,710,4.6,88,4,0,0.4124,0.7456,0
C0202,52,693592,22986,262994,36,686,10.5,126,6,0,0.3977,0.3792,1
C0203,39,2031449,51786,1244935,24,722,6.3,64,3,0,0.3059,0.6128,0
C0204,54,2337707,46101,1586734,36,729,5.7,123,3,0,0.2366,0.6788,0
C0205,26,421867,3589,56693,48,671,7.8,177,1,0,0.1021,0.1344,1
C0206,55,2192643,17846,1345694,72,657,13.2,101,3,0,0.0977,0.6137,1
C0207,57,2005278,72220,651229,12,699,11.9,76,4,0,0.4322,0.3248,0
C0208,29,683969,11758,302674,24,650,0.6,140,2,0,0.2063,0.4425,0
C0209,46,1983002,41318,1484539,12,695,4.1,63,5,0,0.25,0.7486,0
C0210,47,2276510,4477,1523973,24,779,6.2,20,5,0,0.0236,0.6694,0
C0211,29,458475,17581,334263,12,807,8.1,151,0,0,0.4602,0.7291,0
C0212,34,1599044,29152,1281103,24,695,11.9,10,3,0,0.2188,0.8012,0
C0213,59,1288613,72852,745687,48,637,0.5,179,6,0,0.6784,0.5787,1
C0214,45,505219,16322,293420,12,630,1.1,31,4,0,0.3877,0.5808,0
C0215,24,1426416,48636,1209804,48,630,7.9,64,3,0,0.4092,0.8481,0
C0216,41,1313685,12752,611978,24,615,5.0,24,1,0,0.1165,0.4658,1
C0217,29,663864,19679,157197,24,694,10.4,98,0,0,0.3557,0.2368,0
C0218,24,655888,38321,147584,60,650,8.6,96,3,1,0.7011,0.225,1
C0219,28,1298135,24216,341168,36,671,4.8,103,2,0,0.2239,0.2628,0
C0220,42,2311013,96666,577852,24,678,8.9,25,4,0,0.5019,0.25,1
C0221,42,308384,14448,222774,48,676,10.4,164,2,0,0.5622,0.7224,0
C0222,42,1624967,93133,471216,48,626,1.8,160,2,0,0.6878,0.29,1
C0223,54,1296801,49843,288840,60,726,5.5,106,1,0,0.4612,0.2227,0
C0224,52,1159329,40185,1502980,12,727,5.3,118,3,0,0.4159,1.2964,1
C0225,42,1295110,51412,205116,48,720,7.0,114,4,0,0.4764,0.1584,0
C0226,49,434204,24991,139110,12,701,9.8,98,2,2,0.6907,0.3204,1
C0227,48,1670817,14924,592613,24,680,11.1,8,4,0,0.1072,0.3547,0
C0228,46,1920535,103232,1475131,60,674,4.8,124,0,0,0.645,0.7681,1
C0229,28,766830,22440,409731,48,614,10.2,95,6,0,0.3512,0.5343,0
C0230,51,1617603,41356,143707,72,769,7.5,23,5,1,0.3068,0.0888,0
C0231,38,1011709,32281,536236,48,668,3.6,115,5,0,0.3829,0.53,1
C0232,62,1107638,58302,865447,12,673,3.7,121,6,0,0.6316,0.7813,0
C0233,59,706779,23363,256647,48,625,8.5,99,0,0,0.3967,0.3631,0
C0234,61,1910071,53451,1281038,12,622,3.3,162,4,2,0.3358,0.6707,1
C0235,42,635475,22013,172629,24,644,5.4,67,2,0,0.4157,0.2717,1
C0236,47,2054353,65788,1382743,60,660,6.7,53,1,0,0.3843,0.6731,0
C0237,31,1064748,58722,802959,12,741,5.3,19,3,1,0.6618,0.7541,1
C0238,54,2023280,66054,400755,12,597,5.9,119,1,0,0.3918,0.1981,0
C0239,57,1490771,74053,1121237,12,743,9.2,132,4,2,0.5961,0.7521,0
C0240,25,2131225,59289,941614,12,677,3.6,145,1,0,0.3338,0.4418,0
C0241,51,1382326,17386,1676617,24,765,2.7,118,1,0,0.1509,1.2129,0
C0242,50,976177,11124,483312,24,710,5.0,163,4,0,0.1367,0.4951,0
C0243,43,1507398,91037,1759558,12,729,6.2,137,1,0,0.7247,1.1673,0
C0244,31,836545,11584,725485,24,686,0.5,69,3,2,0.1662,0.8672,1
C0245,49,1853586,54802,1131319,72,705,1.6,29,2,0,0.3548,0.6103,0
C0246,60,290372,13975,290359,72,658,3.9,29,0,0,0.5775,1.0,1
C0247,50,1168569,46270,1197793,60,685,3.5,78,1,0,0.4751,1.025,0
C0248,26,472698,22518,531906,12,765,7.3,31,3,0,0.5716,1.1253,0
C0249,50,1128584,41566,383399,36,695,15.8,172,0,0,0.442,0.3397,0
C0250,33,497211,22499,370349,72,680,10.9,107,5,1,0.543,0.7449,1
C0251,53,606898,31167,59738,12,719,8.9,180,5,0,0.6163,0.0984,0
C0252,53,577075,27104,143670,72,703,12.5,64,2,0,0.5636,0.249,1
C0253,31,879169,44599,394177,48,723,11.7,162,2,0,0.6087,0.4484,0
C0254,51,1191190,15168,343628,12,640,5.3,28,3,0,0.1528,0.2885,1
C0255,40,633364,20672,866808,72,763,7.1,161,0,0,0.3917,1.3686,0
C0256,55,1071240,21368,1405116,12,705,4.2,106,1,0,0.2394,1.3117,1
C0257,54,577845,22740,188394,48,653,0.5,98,6,0,0.4722,0.326,1
C0258,53,586149,6425,64463,36,717,9.4,10,6,0,0.1315,0.11,1
C0259,55,2022448,72328,1177545,60,709,3.4,169,1,0,0.4292,0.5822,1
C0260,32,1650490,78865,1380211,72,685,11.5,106,5,0,0.5734,0.8362,0
C0261,38,522875,16856,692039,60,813,7.3,35,0,0,0.3868,1.3235,1
C0262,31,327607,18266,231773,60,578,0.5,47,2,1,0.6691,0.7075,1
C0263,40,775165,19824,599300,12,675,7.1,115,2,0,0.3069,0.7731,0
C0264,46,512528,30159,644423,24,659,6.3,133,0,0,0.7061,1.2573,1
C0265,30,1237997,34053,146430,48,684,7.0,9,2,0,0.3301,0.1183,0
C0266,58,2038962,44179,570645,48,739,14.5,63,6,1,0.26,0.2799,1
C0267,26,1032224,28275,194549,48,754,7.8,17,6,0,0.3287,0.1885,0
C0268,23,1827359,40219,1232388,36,682,4.1,57,2,0,0.2641,0.6744,0
C0269,35,1308136,32539,1185702,36,798,12.4,12,5,0,0.2985,0.9064,1
C0270,47,1569793,28895,1161101,24,557,0.5,32,1,0,0.2209,0.7397,1
C0271,37,2012485,78122,250439,60,636,5.8,27,1,0,0.4658,0.1244,1
C0272,31,1273092,36208,710621,48,665,10.3,80,2,0,0.3413,0.5582,0
C0273,35,850894,8924,394719,48,617,8.0,45,3,0,0.1259,0.4639,0
C0274,51,1573136,36735,301476,12,737,9.6,124,6,0,0.2802,0.1916,0
C0275,36,1654866,53936,1126802,12,762,10.8,97,5,0,0.3911,0.6809,0
C0276,51,1327957,62560,263715,24,699,4.8,30,6,0,0.5653,0.1986,1
C0277,48,1841286,78326,1279180,36,564,3.3,27,6,1,0.5105,0.6947,1
C0278,28,1670621,7596,1016776,12,730,12.5,37,6,0,0.0546,0.6086,0
C0279,47,2069558,38042,636897,48,723,8.3,53,1,2,0.2206,0.3077,0
C0280,58,2289201,24995,636732,48,707,3.1,21,6,0,0.131,0.2781,0
C0281,57,361914,17718,335484,48,690,14.0,97,2,0,0.5875,0.927,1
C0282,43,1198637,38822,172874,48,596,6.9,13,1,0,0.3887,0.1442,1
C0283,38,1397895,30758,1257313,48,660,0.5,20,2,0,0.264,0.8994,1
C0284,43,1784845,5697,1525247,72,645,6.9,157,1,0,0.0383,0.8546,1
C0285,54,1576262,32490,1311778,24,702,7.5,20,0,0,0.2473,0.8322,1
C0286,31,1709247,44413,174897,12,739,7.0,51,1,0,0.3118,0.1023,0
C0287,46,584219,8621,402909,36,774,0.5,107,2,1,0.1771,0.6897,0
C0288,54,1610783,94691,1228551,72,741,2.7,50,2,0,0.7054,0.7627,0
C0289,34,1867057,25292,1578469,12,764,4.9,38,5,0,0.1626,0.8454,0
C0290,25,1043706,22854,1332159,24,681,15.1,160,3,2,0.2628,1.2764,1
C0291,45,1620158,94925,1455143,72,792,11.1,28,5,0,0.7031,0.8981,1
C0292,27,1750024,105156,276564,72,743,8.0,71,5,0,0.7211,0.158,1
C0293,49,2348135,28588,1788134,48,657,9.7,102,6,0,0.1461,0.7615,1
C0294,27,420143,2657,384198,36,703,2.0,81,1,0,0.0759,0.9144,1
C0295,27,670509,4031,502275,72,817,0.9,129,1,0,0.0721,0.7491,0
C0296,35,1996644,96638,1580866,60,684,7.5,147,1,1,0.5808,0.7918,1
C0297,54,924202,21303,1057321,24,690,7.3,28,0,1,0.2766,1.144,0
C0298,30,1573327,63727,1075710,72,673,0.5,107,3,0,0.4861,0.6837,0
C0299,46,1062585,19262,524464,36,699,4.1,125,4,2,0.2175,0.4936,1
C0300,57,2016385,31820,1210987,12,741,5.5,156,3,0,0.1894,0.6006,0
C0301,53,1268354,67811,1247935,60,689,5.4,14,6,0,0.6416,0.9839,0
C0302,51,1005106,15886,454175,24,709,6.8,48,5,0,0.1897,0.4519,0
C0303,32,1361653,13406,863902,60,765,4.3,23,3,0,0.1181,0.6345,0
C0304,23,2039904,56321,363822,24,617,3.2,34,0,0,0.3313,0.1784,0
C0305,29,1479960,36620,853300,72,611,12.5,111,3,0,0.2969,0.5766,0
C0306,62,1964935,53877,745193,72,695,7.4,15,2,0,0.329,0.3792,1
C0307,42,1584215,31878,331826,36,750,6.1,31,5,0,0.2415,0.2095,0
C0308,28,1068259,15853,903898,72,619,4.2,119,2,0,0.1781,0.8461,0
C0309,33,555217,27575,599753,60,746,5.2,40,0,1,0.596,1.0802,1
C0310,46,1115126,50280,1023536,60,585,4.4,76,5,1,0.5411,0.9179,1
C0311,51,1024839,24921,771942,24,678,11.4,147,6,0,0.2918,0.7532,1
C0312,47,488251,29978,650056,24,730,0.9,47,5,0,0.7368,1.3314,0
C0313,55,364105,2291,298563,24,588,13.9,180,5,1,0.0755,0.82,0
C0314,40,2057574,113619,781296,48,694,12.4,102,5,0,0.6626,0.3797,0
C0315,60,709128,38795,728787,60,716,22.4,101,4,0,0.6565,1.0277,1
C0316,40,1643723,36229,1425982,72,759,2.8,76,1,1,0.2645,0.8675,0
C0317,61,1974911,87904,1093066,36,614,3.8,12,2,0,0.5341,0.5535,0
C0318,59,1076561,49615,516329,72,598,10.7,93,5,0,0.553,0.4796,1
C0319,33,1039738,49525,1222374,24,746,5.8,72,5,0,0.5716,1.1757,1
C0320,42,2043589,50717,596432,60,656,4.7,90,3,2,0.2978,0.2919,1
C0321,62,578700,27013,605575,36,691,4.4,36,3,1,0.5601,1.0464,1
C0322,59,2199193,84938,1550865,24,702,9.0,42,5,0,0.4635,0.7052,0
C0323,26,299769,7191,306679,12,696,4.4,49,1,0,0.2879,1.0231,0
C0324,47,299583,8534,245612,12,756,4.0,15,4,0,0.3418,0.8198,0
C0325,38,1229027,15462,854363,60,639,5.7,39,4,0,0.151,0.6952,0
C0326,52,1696983,92017,330576,36,752,7.5,117,6,0,0.6507,0.1948,0
C0327,48,360214,8920,434867,12,777,7.9,39,4,0,0.2972,1.2072,0
C0328,47,1352857,83675,151894,60,774,11.4,142,5,0,0.7422,0.1123,1
C0329,30,2028083,64180,1521924,24,695,5.1,70,1,0,0.3797,0.7504,0
C0330,56,1412366,81381,1519529,24,582,4.5,165,4,0,0.6914,1.0759,1
C0331,30,725702,36284,261469,36,682,1.5,73,5,0,0.6,0.3603,0
C0332,53,1666652,2358,76737,72,716,11.3,66,4,0,0.017,0.046,0
C0333,28,594775,17149,528938,36,662,6.7,71,2,0,0.346,0.8893,1
C0334,41,1790849,42987,943376,72,770,8.5,179,0,1,0.288,0.5268,0
C0335,33,1658503,37167,1587354,12,731,4.3,165,2,0,0.2689,0.9571,0
C0336,40,1897808,106844,934452,72,717,10.7,128,1,0,0.6756,0.4924,1
C0337,33,715004,30715,240065,60,719,2.4,151,3,0,0.5155,0.3358,0
C0338,31,2306182,31605,912525,48,723,1.9,130,2,2,0.1645,0.3957,0
C0339,59,1219460,70039,1147026,72,684,12.9,92,5,0,0.6892,0.9406,0
C0340,47,903501,42167,164433,12,671,9.6,148,6,0,0.56,0.182,0
C0341,33,594007,20229,102796,60,640,7.0,90,1,0,0.4087,0.1731,1
C0342,51,2159461,132667,987569,36,741,12.1,28,5,1,0.7372,0.4573,1
C0343,58,280711,12445,209697,60,605,10.3,164,4,0,0.532,0.747,1
C0344,26,1214986,45512,1224721,60,609,0.5,122,2,0,0.4495,1.008,1
C0345,37,289214,10973,323670,36,770,2.9,80,5,1,0.4553,1.1191,0
C0346,49,728629,42032,255438,24,766,7.4,71,1,0,0.6922,0.3506,0
C0347,44,732002,40588,179204,48,671,7.1,168,3,0,0.6654,0.2448,0
C0348,56,483724,16182,663543,48,772,6.4,147,1,0,0.4014,1.3717,1
C0349,31,714336,35037,974204,48,731,2.9,88,3,0,0.5886,1.3638,1
C0350,44,1513853,19481,339784,48,592,3.6,121,4,0,0.1544,0.2244,0
C0351,43,1191600,47258,1460069,24,763,8.7,80,5,0,0.4759,1.2253,0
C0352,43,764044,38849,553704,60,613,5.8,96,3,0,0.6102,0.7247,0
C0353,57,1479268,70515,273284,12,651,10.0,9,3,2,0.572,0.1847,0
C0354,41,1330929,10130,1498282,36,709,8.1,43,2,0,0.0913,1.1257,1
C0355,58,1220813,68967,1694811,72,617,6.8,66,2,0,0.6779,1.3883,1
C0356,43,505662,26368,313550,24,620,8.1,9,6,0,0.6257,0.6201,1
C0357,46,1104051,60827,422089,72,550,8.7,81,0,0,0.6611,0.3823,1
C0358,50,1450681,36634,322769,24,657,11.3,148,2,0,0.303,0.2225,0
C0359,25,924678,42344,681567,48,662,11.9,166,6,0,0.5495,0.7371,1
C0360,37,1051202,6468,1109356,24,635,12.4,139,0,0,0.0738,1.0553,0
C0361,44,1668593,71533,1045847,60,715,5.2,164,6,0,0.5144,0.6268,1
C0362,38,1302685,44065,849796,12,634,5.4,16,2,2,0.4059,0.6523,0
C0363,46,2148801,52465,721744,60,688,3.7,172,0,0,0.293,0.3359,0
C0364,23,554608,23965,710093,24,737,15.7,59,0,0,0.5185,1.2804,0
C0365,50,582495,23739,89726,12,656,7.0,123,0,1,0.489,0.154,0
C0366,39,1989735,61129,1371661,48,676,5.1,105,5,1,0.3687,0.6894,0
C0367,62,545237,13721,577262,12,615,7.2,24,2,0,0.302,1.0587,0
C0368,51,1879764,109757,1435636,12,623,8.6,107,1,0,0.7007,0.7637,0
C0369,57,1517229,86926,832511,12,683,9.2,179,4,0,0.6875,0.5487,0
C0370,48,637047,15766,834645,72,730,7.9,84,3,0,0.297,1.3102,0
C0371,32,955091,14735,290380,24,760,9.2,70,5,0,0.1851,0.304,0
C0372,58,2214686,21174,659542,72,703,0.7,171,5,0,0.1147,0.2978,0
C0373,45,817773,42600,196399,24,651,5.6,78,2,0,0.6251,0.2402,0
C0374,32,1808796,58139,403662,12,657,12.2,86,5,0,0.3857,0.2232,1
C0375,46,843319,32333,983983,36,641,5.5,128,6,0,0.4601,1.1668,1
C0376,40,867209,14873,602043,72,704,6.2,143,0,0,0.2058,0.6942,0
C0377,24,1979257,74298,596552,60,650,7.3,15,4,0,0.4505,0.3014,1
C0378,60,1500538,62909,1100931,60,727,3.2,40,0,0,0.5031,0.7337,0
C0379,62,975598,13740,1237737,60,658,7.1,46,5,0,0.169,1.2687,0
C0380,25,1197793,32375,181829,36,683,12.2,130,1,0,0.3243,0.1518,0
C0381,47,2249956,86953,266478,72,641,14.2,16,4,0,0.4638,0.1184,0
C0382,59,1009178,44839,843810,36,596,13.5,102,0,0,0.5332,0.8361,0
C0383,37,1982225,105895,1061058,60,770,2.2,130,0,0,0.6411,0.5353,1
C0384,40,1167167,26498,380002,36,609,8.8,44,5,0,0.2724,0.3256,0
C0385,30,2299627,44269,1407400,48,629,4.9,157,0,0,0.231,0.612,1
C0386,55,444378,6812,108627,24,691,10.9,152,3,0,0.184,0.2444,0
C0387,24,1468894,63789,1060131,24,679,9.6,161,1,0,0.5211,0.7217,0
C0388,34,1389480,46914,1000995,60,649,2.8,48,3,1,0.4052,0.7204,1
C0389,55,2040747,64373,1339220,60,624,9.5,51,0,0,0.3785,0.6562,1
C0390,31,285034,12637,276228,60,588,5.7,179,5,0,0.532,0.9691,1
C0391,53,1879021,14807,942315,24,763,2.7,153,2,0,0.0946,0.5015,0
C0392,57,1993988,26775,61470,72,697,14.9,71,4,1,0.1611,0.0308,0
C0393,36,1604987,87403,1277610,36,700,5.4,115,2,0,0.6535,0.796,1
C0394,48,1134353,65238,424802,36,631,8.8,111,2,0,0.6901,0.3745,0
C0395,48,859101,31268,389308,12,628,10.6,64,1,0,0.4368,0.4532,0
C0396,26,954184,43672,61095,12,708,0.5,105,4,0,0.5492,0.064,1
C0397,37,1835395,54513,1337579,72,696,8.0,104,4,0,0.3564,0.7288,0
C0398,34,2353531,4807,473010,72,748,6.7,118,1,2,0.0245,0.201,0
C0399,37,990862,2018,380185,12,640,5.3,173,2,0,0.0244,0.3837,0
C0400,56,344451,4954,338144,36,681,10.2,23,4,0,0.1726,0.9817,0
C0401,40,1229152,2609,597582,24,663,4.9,109,3,0,0.0255,0.4862,0
C0402,30,1360844,77352,574584,72,636,5.3,143,3,0,0.6821,0.4222,0
C0403,52,2212401,32479,590687,12,629,13.3,129,3,0,0.1762,0.267,1
C0404,43,2009839,69699,1173343,12,675,6.8,96,2,2,0.4161,0.5838,0
C0405,44,598887,25169,279183,60,673,4.6,86,2,0,0.5043,0.4662,1
C0406,35,1265079,36787,483646,24,692,0.5,67,4,0,0.3489,0.3823,0
C0407,30,609200,2434,851368,60,612,4.3,163,0,0,0.0479,1.3975,0
C0408,59,1432313,25969,1652774,60,684,9.5,131,4,2,0.2176,1.1539,0
C0409,53,416577,16981,176215,72,682,3.0,50,4,0,0.4892,0.423,1
C0410,60,702567,25697,692544,36,704,6.4,89,2,0,0.4389,0.9857,0
C0411,46,1051389,25925,890103,36,685,4.2,101,3,1,0.2959,0.8466,0
C0412,40,1269038,58651,848770,24,772,6.2,148,1,0,0.5546,0.6688,1
C0413,49,2375465,137530,1169842,72,782,12.6,167,2,0,0.6948,0.4925,0
C0414,48,695130,5934,275933,36,617,11.9,47,3,0,0.1024,0.397,0
C0415,46,1360934,81374,467245,60,732,4.7,95,4,0,0.7175,0.3433,0
C0416,43,2324696,22554,849163,60,667,4.3,120,1,0,0.1164,0.3653,0
C0417,44,2049226,12369,389737,36,631,3.5,24,1,0,0.0724,0.1902,0
C0418,48,1417696,49600,1618450,60,622,1.8,119,1,0,0.4198,1.1416,1
C0419,38,1335484,29600,400036,48,664,12.8,26,0,1,0.266,0.2995,0
C0420,28,715907,42507,212816,12,623,6.7,73,2,0,0.7125,0.2973,0
C0421,51,810209,4303,798350,36,771,12.2,13,6,0,0.0637,0.9854,1
C0422,51,846712,13602,1007440,72,686,6.2,144,3,0,0.1928,1.1898,0
C0423,42,1736129,59915,695646,36,689,4.1,28,3,0,0.4141,0.4007,0
C0424,31,1722357,63498,1172183,12,664,7.1,79,6,0,0.4424,0.6806,1
C0425,50,1508606,50974,445462,48,625,1.1,146,4,0,0.4055,0.2953,0
C0426,47,1205231,12382,935500,72,702,13.3,73,4,0,0.1233,0.7762,0
C0427,41,1407521,19907,657325,12,736,0.5,52,5,0,0.1697,0.467,0
C0428,43,361350,3626,330478,12,700,8.8,44,2,1,0.1204,0.9146,0
C0429,37,658313,29541,376711,48,743,9.7,93,2,0,0.5385,0.5722,0
C0430,32,515041,27416,461484,12,650,3.5,74,6,0,0.6388,0.896,1
C0431,23,791543,31029,568336,72,682,13.3,104,0,0,0.4704,0.718,0
C0432,36,2263174,83817,727512,24,675,5.2,105,4,0,0.4444,0.3215,1
C0433,42,1113507,30545,286828,24,701,6.2,176,5,0,0.3292,0.2576,0
C0434,48,1299590,7504,1268606,72,616,7.7,8,2,0,0.0693,0.9762,1
C0435,54,663365,5935,112678,36,640,5.6,166,5,2,0.1074,0.1699,1
C0436,58,1736756,98100,454677,12,666,5.0,118,1,0,0.6778,0.2618,1
C0437,51,1516122,26461,1190054,36,666,2.5,151,2,0,0.2094,0.7849,0
C0438,58,952529,36808,375111,48,685,14.5,23,2,0,0.4637,0.3938,0
C0439,55,1869823,114306,813521,60,574,6.2,164,1,0,0.7336,0.4351,1
C0440,35,2366872,42404,1335636,36,658,11.1,147,0,2,0.215,0.5643,1
C0441,31,1029265,14557,257101,12,664,8.9,130,4,0,0.1697,0.2498,0
C0442,60,1353484,50018,512889,60,690,10.0,18,1,0,0.4435,0.3789,0
C0443,28,2243182,111039,1773914,36,670,7.4,148,6,0,0.594,0.7908,1
C0444,27,1554668,30298,1139439,12,717,4.2,25,3,0,0.2339,0.7329,0
C0445,38,1030352,52219,1389292,60,657,2.2,33,2,0,0.6082,1.3484,1
C0446,34,1964252,46238,1428944,24,610,3.0,135,2,0,0.2825,0.7275,0
C0447,43,1839104,81745,554831,60,723,2.2,88,4,0,0.5334,0.3017,1
C0448,51,2156950,2051,1573189,12,754,0.5,107,4,1,0.0114,0.7294,1
C0449,37,1181032,69013,1216694,60,679,7.5,76,4,1,0.7012,1.0302,1
C0450,60,1327975,35586,1750945,36,735,7.6,65,1,0,0.3216,1.3185,0
C0451,53,1005205,55707,249992,60,689,0.5,153,5,0,0.665,0.2487,1
C0452,26,1682531,58925,923509,12,709,1.8,95,5,0,0.4203,0.5489,0
C0453,47,507029,20511,206846,36,702,6.6,144,4,0,0.4854,0.408,0
C0454,51,2396988,60218,955834,36,701,11.9,29,2,2,0.3015,0.3988,0
C0455,58,1954329,103426,1513540,24,743,6.7,117,6,2,0.6351,0.7745,1
C0456,58,1312829,11390,608381,48,637,10.8,68,0,1,0.1041,0.4634,1
C0457,45,1078971,52441,689251,24,752,4.7,12,2,0,0.5832,0.6388,1
C0458,25,1259326,50997,377137,72,704,6.7,57,0,0,0.4859,0.2995,0
C0459,32,1486638,41992,993847,48,703,13.1,34,0,0,0.339,0.6685,0
C0460,39,2305959,39053,1507669,72,658,4.2,165,5,0,0.2032,0.6538,0
C0461,26,1471239,8957,1025093,72,771,8.9,75,0,2,0.0731,0.6968,0
C0462,29,360020,14665,171198,48,611,14.8,80,2,0,0.4888,0.4755,0
C0463,28,1061891,62709,95064,12,828,10.3,149,1,0,0.7086,0.0895,0
C0464,24,1734500,48580,1361204,36,706,11.4,96,4,0,0.3361,0.7848,1
C0465,39,1903911,74737,637609,24,631,12.7,13,1,0,0.4711,0.3349,0
C0466,56,1233902,33504,1251455,24,647,8.4,112,4,0,0.3258,1.0142,1
C0467,36,861232,11051,698016,72,641,1.7,57,5,0,0.154,0.8105,0
C0468,32,942901,6444,1218827,60,711,4.7,87,2,0,0.082,1.2926,1
C0469,24,1616672,41760,979047,72,653,10.0,111,6,0,0.31,0.6056,0
C0470,29,831743,3716,609651,60,650,5.7,53,1,0,0.0536,0.733,1
C0471,28,2279014,100031,435826,48,774,12.2,126,3,0,0.5267,0.1912,0
C0472,23,1411869,31170,1606855,72,783,9.5,111,0,1,0.2649,1.1381,0
C0473,54,1642711,55066,1677840,12,609,12.6,115,4,0,0.4023,1.0214,0
C0474,59,441530,5582,523546,48,698,9.4,139,1,0,0.1517,1.1858,0
C0475,25,1904864,26884,660647,48,673,1.4,18,3,0,0.1694,0.3468,1
C0476,41,508785,31611,199149,48,713,3.8,138,5,0,0.7456,0.3914,1
C0477,60,847517,13722,1001437,60,715,4.2,12,5,0,0.1943,1.1816,1
C0478,33,798182,9481,992456,72,643,5.8,29,3,0,0.1425,1.2434,0
C0479,62,950667,23967,1235921,72,722,4.2,49,6,1,0.3025,1.3001,1
C0480,42,2151742,49368,296528,24,699,12.7,79,6,0,0.2753,0.1378,0
C0481,54,304119,17588,287889,48,643,3.4,61,3,2,0.694,0.9466,1
C0482,58,1150895,26227,360915,12,680,7.3,18,6,2,0.2735,0.3136,0
C0483,42,1668780,25363,388344,72,681,8.1,112,2,0,0.1824,0.2327,0
C0484,34,2189825,96421,125162,12,688,2.0,154,3,0,0.5284,0.0572,0
C0485,58,552318,12787,602654,48,716,6.4,76,4,0,0.2778,1.0911,0
C0486,56,647713,20821,497798,60,714,8.3,129,4,0,0.3857,0.7685,0
C0487,31,2362039,49161,1328016,24,672,1.4,132,5,0,0.2498,0.5622,0
C0488,30,1149608,56346,918307,12,655,8.9,163,5,0,0.5882,0.7988,1
C0489,41,1347104,74088,729317,12,643,7.9,135,0,0,0.66,0.5414,0
C0490,24,1016641,23660,758704,72,633,12.4,55,0,0,0.2793,0.7463,0
C0491,52,1685551,70298,677769,60,704,0.5,20,5,0,0.5005,0.4021,0
C0492,44,1763087,21569,638167,12,659,6.7,22,4,0,0.1468,0.362,0
C0493,47,1065924,48220,709553,72,618,0.5,84,0,0,0.5429,0.6657,1
C0494,42,1186556,41625,417028,12,682,11.2,140,1,0,0.421,0.3515,0
C0495,24,2304436,128739,1586040,60,672,8.9,93,2,0,0.6704,0.6883,0
C0496,56,836656,49485,126656,48,612,13.4,58,0,1,0.7098,0.1514,1
C0497,61,645222,36116,853398,72,783,2.8,32,5,0,0.6717,1.3226,0
C0498,43,1121190,39560,630176,60,661,5.4,55,0,0,0.4234,0.5621,1
C0499,30,343991,8769,334441,36,676,11.9,32,4,0,0.3059,0.9722,1
C0500,38,998379,22406,1336105,36,677,11.9,24,0,0,0.2693,1.3383,0
C0501,29,1888933,94363,1300157,60,712,11.0,51,5,0,0.5995,0.6883,1
C0502,35,609444,10637,147429,72,622,1.7,125,5,0,0.2094,0.2419,0
C0503,53,1251795,35823,812208,48,680,9.1,163,1,0,0.3434,0.6488,0
C0504,52,2324751,19135,1046848,12,644,0.9,13,1,0,0.0988,0.4503,0
C0505,59,814329,23356,198738,36,680,2.9,33,4,0,0.3442,0.2441,0
C0506,33,2303225,19317,764529,24,715,5.4,104,6,0,0.1006,0.3319,0
C0507,44,1270503,65783,289752,60,764,9.8,152,4,0,0.6213,0.2281,0
C0508,48,571955,9126,768807,60,692,4.5,159,3,0,0.1915,1.3442,1
C0509,36,862659,2012,357705,72,618,13.6,168,1,0,0.028,0.4147,0
C0510,36,1607907,76747,1715865,72,650,12.3,82,3,0,0.5728,1.0671,0
C0511,28,314054,11639,82721,36,641,3.3,38,4,0,0.4447,0.2634,0
C0512,30,1463671,32833,955373,72,623,7.0,13,5,0,0.2692,0.6527,0
C0513,57,1165904,52409,805578,48,632,4.6,54,1,0,0.5394,0.6909,1
C0514,24,883962,45117,965899,24,754,5.5,130,3,0,0.6125,1.0927,0
C0515,61,2065532,74358,1769814,48,642,3.9,114,3,0,0.432,0.8568,1
C0516,38,2384403,109698,1195393,60,592,12.0,74,4,0,0.5521,0.5013,1
C0517,60,2299695,75248,1025042,60,684,8.6,140,0,0,0.3927,0.4457,0
C0518,27,1590718,8917,770468,60,697,5.1,162,4,0,0.0673,0.4844,0
C0519,44,2045869,39907,401290,12,801,0.5,81,5,0,0.2341,0.1961,0
C0520,26,2264579,46323,1251374,12,655,0.6,154,5,0,0.2455,0.5526,0
C0521,28,811927,18518,327953,60,676,0.5,77,2,0,0.2737,0.4039,0
C0522,60,913908,31271,825457,24,690,13.6,174,3,0,0.4106,0.9032,1
C0523,25,1718008,22204,1090078,48,686,17.4,158,6,0,0.1551,0.6345,0
C0524,59,1727352,86182,604477,12,740,1.6,19,3,0,0.5987,0.3499,0
C0525,57,1260046,36422,354401,60,741,2.4,127,6,0,0.3469,0.2813,0
C0526,43,452040,19409,421015,48,635,13.9,30,2,0,0.5152,0.9314,1
C0527,29,1350990,33692,1589966,72,640,4.7,178,4,0,0.2993,1.1769,0
C0528,43,324367,2277,85626,12,630,6.2,178,5,0,0.0842,0.264,1
C0529,41,1336528,9455,1295998,72,700,7.3,29,6,0,0.0849,0.9697,0
C0530,28,824870,45017,437487,12,672,5.8,102,3,0,0.6549,0.5304,1
C0531,52,1439236,44389,589673,24,605,7.7,176,6,1,0.3701,0.4097,1
C0532,39,1026290,6548,1081215,24,664,9.4,118,3,2,0.0766,1.0535,0
C0533,36,725643,4284,126461,12,649,12.4,32,4,0,0.0708,0.1743,0
C0534,23,438694,14795,329378,24,650,6.2,176,4,2,0.4047,0.7508,0
C0535,54,2285462,61204,56936,48,722,0.5,23,5,0,0.3214,0.0249,0
C0536,45,1678547,41692,890150,12,595,7.6,180,0,0,0.2981,0.5303,0
C0537,44,617460,15311,235197,60,614,10.7,80,0,0,0.2976,0.3809,0
C0538,29,1786850,13123,1377059,48,682,4.1,130,1,2,0.0881,0.7707,1
C0539,47,544210,19496,521132,12,614,8.5,133,0,0,0.4299,0.9576,0
C0540,36,2202544,41047,1604097,60,697,12.4,179,5,2,0.2236,0.7283,1
C0541,62,472106,7644,102384,36,768,7.3,9,6,0,0.1943,0.2169,0
C0542,29,758904,40992,887995,60,707,7.7,133,3,0,0.6482,1.1701,0
C0543,48,1639939,20000,724422,24,751,11.4,145,6,1,0.1463,0.4417,1
C0544,49,984856,38268,396042,48,693,8.7,100,1,2,0.4663,0.4021,1
C0545,33,345558,7879,96735,72,674,8.2,7,5,0,0.2736,0.2799,0
C0546,53,812225,11377,618222,60,656,13.0,58,1,0,0.1681,0.7611,1
C0547,34,2376680,93187,928257,12,671,5.7,83,4,0,0.4705,0.3906,1
C0548,46,1199710,29277,629708,12,726,10.3,124,5,0,0.2928,0.5249,0
C0549,54,1019555,44261,813768,36,799,11.9,19,1,0,0.5209,0.7982,0
C0550,25,717973,37216,234431,24,709,13.2,19,0,1,0.622,0.3265,0
C0551,60,1647226,32154,1683629,12,725,1.2,89,2,0,0.2342,1.0221,1
C0552,37,588405,33746,106978,48,770,11.1,126,3,1,0.6882,0.1818,1
C0553,35,1784036,6206,1501670,60,685,9.7,38,0,0,0.0417,0.8417,0
C0554,44,1202132,22550,1387981,60,751,9.9,81,4,0,0.2251,1.1546,1
C0555,56,2331909,123310,635463,12,661,8.8,127,5,0,0.6346,0.2725,1
C0556,37,904824,2332,926131,12,745,4.8,152,6,0,0.0309,1.0235,0
C0557,48,2290201,120604,1088688,24,612,9.3,31,0,0,0.6319,0.4754,0
C0558,31,1783262,33334,1408199,12,770,7.5,81,1,0,0.2243,0.7897,0
C0559,60,382397,15282,146964,36,684,11.4,41,5,0,0.4796,0.3843,1
C0560,44,417213,15955,332894,72,746,1.1,81,6,0,0.4589,0.7979,0
C0561,62,1688005,49708,158134,12,669,6.9,178,3,0,0.3534,0.0937,0
C0562,58,561043,15416,195129,36,687,4.4,149,3,0,0.3297,0.3478,0
C0563,36,1225552,57434,631215,12,790,3.3,134,0,0,0.5624,0.515,0
C0564,53,1505845,83389,822057,72,784,8.4,121,0,0,0.6645,0.5459,0
C0565,28,616259,9167,222769,36,708,5.1,25,0,0,0.1785,0.3615,0
C0566,24,1509641,91443,1185471,24,631,7.2,112,5,0,0.7269,0.7853,1
C0567,27,372428,23124,226096,48,661,9.0,139,4,0,0.7451,0.6071,0
C0568,56,2147540,81713,1239612,24,722,4.2,123,6,0,0.4566,0.5772,0
C0569,41,478470,22271,218600,72,726,9.0,48,4,0,0.5586,0.4569,0
C0570,32,956351,9662,136300,36,633,5.7,66,2,0,0.1212,0.1425,0
C0571,25,1609358,72761,390991,60,686,9.2,120,2,1,0.5425,0.2429,1
C0572,52,1623091,2562,1598736,60,740,9.7,45,5,0,0.0189,0.985,0
C0573,59,896912,24196,285542,72,606,9.0,119,3,0,0.3237,0.3184,1
C0574,48,1204276,48844,243946,36,767,10.9,120,4,0,0.4867,0.2026,0
C0575,40,1100891,13452,1123296,48,703,11.9,120,1,0,0.1466,1.0204,1
C0576,46,1947479,95842,946827,36,678,4.1,43,2,0,0.5906,0.4862,0
C0577,58,647415,30999,352654,24,802,8.8,112,6,0,0.5746,0.5447,1
C0578,60,641037,15617,367960,48,750,3.1,42,2,2,0.2923,0.574,0
C0579,28,307761,7730,341406,48,746,0.5,112,5,0,0.3014,1.1093,0
C0580,41,2337665,81165,1277270,36,596,5.6,16,1,1,0.4166,0.5464,1
C0581,42,2261981,111355,426170,48,750,11.2,79,5,0,0.5907,0.1884,0
C0582,27,1797329,64978,1236095,48,742,8.2,154,3,0,0.4338,0.6877,0
C0583,46,353589,6788,217604,48,662,8.3,20,5,1,0.2304,0.6154,0
C0584,45,484325,11557,605338,72,750,8.2,80,6,0,0.2863,1.2499,0
C0585,61,981018,19790,810265,12,650,0.5,83,4,0,0.2421,0.8259,0
C0586,46,2313813,91211,391896,12,700,6.4,111,6,0,0.473,0.1694,0
C0587,62,758011,10600,1018265,12,741,0.5,35,3,0,0.1678,1.3433,0
C0588,61,1714641,95047,688969,12,685,5.0,50,1,0,0.6652,0.4018,1
C0589,37,1569447,57680,1498750,12,710,8.5,26,0,1,0.441,0.955,1
C0590,55,528576,5896,315302,12,761,5.8,126,6,1,0.1339,0.5965,0
C0591,36,1118963,21078,631698,60,737,8.5,29,2,0,0.226,0.5645,0
C0592,55,566626,2916,604527,24,651,1.5,31,1,0,0.0618,1.0669,0
C0593,29,1177645,50033,1514090,60,645,13.9,127,1,0,0.5098,1.2857,1
C0594,47,2058770,69403,527215,48,808,6.3,60,0,0,0.4045,0.2561,0
C0595,54,1795194,12780,738107,48,619,5.6,16,0,0,0.0854,0.4112,0
C0596,51,1227381,55383,659409,48,698,8.7,147,6,0,0.5415,0.5372,0
C0597,46,1032027,8892,881247,48,702,13.0,178,4,0,0.1034,0.8539,0
C0598,60,706653,6240,431377,24,650,8.1,49,3,1,0.106,0.6105,0
C0599,40,1424930,48674,1047880,72,590,7.3,108,4,0,0.4099,0.7354,1
C0600,52,733138,18429,563111,48,703,6.6,37,0,1,0.3016,0.7681,0
C0601,54,392192,12713,130077,36,683,10.9,179,4,0,0.389,0.3317,0
C0602,54,2234637,78955,1438510,48,638,1.1,57,2,0,0.424,0.6437,0
C0603,24,412533,14570,521980,36,691,15.2,36,6,0,0.4238,1.2653,0
C0604,42,968470,30225,332042,36,675,7.3,131,0,0,0.3745,0.3429,0
C0605,58,2250561,16611,870793,36,696,0.5,135,3,0,0.0886,0.3869,0
C0606,41,1624202,5689,1288291,12,729,11.2,21,6,0,0.042,0.7932,1
C0607,44,1876240,55992,786665,12,721,10.0,97,5,0,0.3581,0.4193,1
C0608,27,1558895,46249,406052,12,677,10.4,35,5,0,0.356,0.2605,0
C0609,49,1398280,43486,842173,60,701,11.5,11,3,0,0.3732,0.6023,0
C0610,36,1689149,67898,1751749,72,651,9.7,133,2,0,0.4824,1.0371,1
C0611,27,1177917,54694,523717,60,704,6.7,152,5,0,0.5572,0.4446,0
C0612,40,562149,33147,497852,24,669,1.9,151,6,0,0.7076,0.8856,0
C0613,50,1594297,69550,1000489,72,743,8.3,165,6,0,0.5235,0.6275,0
C0614,34,2373811,124498,611902,72,609,3.2,60,6,0,0.6294,0.2578,0
C0615,26,1121578,41357,963076,48,710,5.5,44,2,0,0.4425,0.8587,0
C0616,40,1483952,23048,587807,72,639,4.0,171,0,1,0.1864,0.3961,0
C0617,42,2226826,11700,473604,24,696,0.5,114,2,1,0.063,0.2127,0
C0618,25,2317768,16503,226013,36,595,3.9,11,3,0,0.0854,0.0975,0
C0619,28,1944698,32938,284739,60,664,13.0,41,5,0,0.2032,0.1464,0
C0620,56,1336159,13829,549283,60,765,11.1,133,2,0,0.1242,0.4111,0
C0621,38,2053641,37985,971646,48,714,7.4,60,2,0,0.222,0.4731,0
C0622,30,1607455,57545,1045841,72,691,8.7,145,6,0,0.4296,0.6506,1
C0623,46,1572564,6562,1600738,72,719,17.3,161,6,0,0.0501,1.0179,0
C0624,58,1893507,85748,1519299,36,749,0.5,85,4,0,0.5434,0.8024,0
C0625,47,312992,11859,97317,24,662,10.4,71,2,0,0.4547,0.3109,0
C0626,49,422110,4624,565576,48,671,1.3,76,2,0,0.1315,1.3399,0
C0627,29,952528,29582,1312728,72,624,5.5,96,6,0,0.3727,1.3782,0
C0628,34,2139775,37675,56450,48,709,12.5,170,4,1,0.2113,0.0264,0
C0629,31,2000990,116492,1591767,24,642,7.9,128,2,2,0.6986,0.7955,1
C0630,49,1821824,53576,841297,60,702,0.6,52,4,0,0.3529,0.4618,1
C0631,28,2219550,15050,891031,60,771,9.0,49,3,0,0.0814,0.4014,1
C0632,59,772203,36461,506297,48,728,15.1,9,1,0,0.5666,0.6557,0
C0633,40,1487800,29080,1308464,24,634,6.9,116,6,0,0.2345,0.8795,0
C0634,32,400683,10578,173462,60,644,3.3,80,4,0,0.3168,0.4329,0
C0635,23,2246632,57631,1545973,48,727,9.4,107,5,0,0.3078,0.6881,0
C0636,26,1676126,63726,793024,60,820,6.1,66,4,0,0.4562,0.4731,0
C0637,23,1343914,50614,327323,60,682,3.1,107,0,0,0.4519,0.2436,0
C0638,52,833310,22795,1162379,48,711,11.7,28,0,0,0.3283,1.3949,0
C0639,40,1792433,82338,1789774,36,671,9.9,73,4,0,0.5512,0.9985,0
C0640,32,2125450,26762,361680,12,687,4.8,19,2,1,0.1511,0.1702,0
C0641,54,451092,17899,529995,48,739,0.5,149,0,0,0.4762,1.1749,1
C0642,41,1037721,51147,1116900,36,611,5.5,49,1,0,0.5915,1.0763,0
C0643,56,1037360,46361,247772,36,697,5.6,133,0,0,0.5363,0.2388,0
C0644,29,1637018,5784,220001,48,727,6.8,45,3,0,0.0424,0.1344,0
C0645,23,1661716,44587,1584161,72,680,12.7,121,6,0,0.322,0.9533,0
C0646,43,512930,19929,681548,48,725,8.2,24,1,0,0.4662,1.3287,0
C0647,28,366033,11336,389302,72,663,8.4,109,1,1,0.3716,1.0636,0
C0648,61,830656,45615,251560,36,617,0.8,97,3,0,0.659,0.3028,0
C0649,50,658419,14213,505193,72,588,7.3,163,3,2,0.259,0.7673,1
C0650,32,2357532,139541,226098,36,670,10.7,140,6,0,0.7103,0.0959,1
C0651,31,1540005,76519,150093,60,635,9.6,81,0,0,0.5963,0.0975,0
C0652,52,1342754,35405,1278024,12,689,6.6,96,5,0,0.3164,0.9518,1
C0653,34,1928182,43149,1281465,72,709,11.0,82,3,0,0.2685,0.6646,0
C0654,34,1165284,12252,1616634,60,686,9.2,53,3,0,0.1262,1.3873,1
C0655,30,335803,17948,208754,60,746,9.2,109,6,0,0.6414,0.6217,0
C0656,48,1549434,18395,333354,12,730,11.6,28,5,0,0.1425,0.2151,0
C0657,36,2297951,143186,450376,12,620,3.6,117,2,0,0.7477,0.196,1
C0658,32,2147580,125598,91162,48,660,10.4,130,4,0,0.7018,0.0424,0
C0659,44,313027,15621,309891,72,759,13.2,116,4,0,0.5988,0.99,0
C0660,54,2326407,17913,1157943,12,644,5.9,65,0,0,0.0924,0.4977,0
C0661,53,770485,31381,781396,48,684,0.5,94,0,2,0.4887,1.0142,1
C0662,37,1702510,95742,1427741,48,723,10.4,160,5,0,0.6748,0.8386,1
C0663,46,2261073,56318,642355,72,590,9.4,165,5,1,0.2989,0.2841,0
C0664,29,2024764,41800,542241,24,494,8.9,132,2,0,0.2477,0.2678,0
C0665,33,1012806,54875,183516,36,590,11.0,14,3,1,0.6502,0.1812,1
C0666,44,1769988,102937,1218160,36,776,9.0,17,6,0,0.6979,0.6882,0
C0667,26,2116378,129750,272071,60,557,10.1,34,4,0,0.7357,0.1286,1
C0668,29,980642,9737,480726,36,710,4.6,167,3,0,0.1192,0.4902,0
C0669,29,927163,10059,473394,48,646,4.8,41,3,0,0.1302,0.5106,1
C0670,41,2398218,24343,607875,36,676,7.3,49,5,0,0.1218,0.2535,0
C0671,56,2048831,56186,908383,48,659,7.5,115,6,0,0.3291,0.4434,0
C0672,23,571844,24171,380096,48,713,0.5,27,0,0,0.5072,0.6647,1
C0673,32,522471,30698,595027,36,680,18.1,175,3,0,0.7051,1.1389,1
C0674,43,1723500,38671,1156859,60,757,2.4,8,3,0,0.2692,0.6712,0
C0675,62,2134485,108038,1676132,24,576,4.3,172,2,2,0.6074,0.7853,1
C0676,31,1470879,14166,1123053,60,675,12.5,60,5,1,0.1156,0.7635,0
C0677,57,1365025,68227,281613,72,783,7.4,114,0,0,0.5998,0.2063,1
C0678,30,2162138,3366,1000318,36,793,11.8,82,4,0,0.0187,0.4627,0
C0679,57,1260787,20346,1548102,48,722,5.1,152,4,0,0.1937,1.2279,1
C0680,46,2185512,40418,1542418,48,702,10.0,31,0,0,0.2219,0.7057,1
C0681,36,2151347,105489,603005,60,733,12.3,109,3,0,0.5884,0.2803,0
C0682,49,963012,35147,316598,48,681,6.9,42,5,0,0.438,0.3288,0
C0683,36,2190221,98818,299070,60,695,0.5,149,6,0,0.5414,0.1365,1
C0684,32,773846,21983,442649,36,689,10.6,101,1,2,0.3409,0.572,1
C0685,42,1469010,2273,306540,60,789,8.6,131,2,1,0.0186,0.2087,0
C0686,44,1862534,111374,1560019,60,711,9.6,127,5,0,0.7176,0.8376,1
C0687,51,904878,45548,909052,48,654,9.4,165,1,0,0.604,1.0046,0
C0688,51,1443395,13603,397319,72,766,8.0,171,6,0,0.1131,0.2753,0
C0689,30,637153,5465,647944,60,762,9.0,153,1,0,0.1029,1.0169,0
C0690,57,1033898,20019,481604,24,738,7.0,10,4,0,0.2324,0.4658,0
C0691,61,1623985,46558,966491,24,696,6.0,11,3,2,0.344,0.5951,1
C0692,29,985297,11439,433084,36,695,9.8,79,3,0,0.1393,0.4395,1
C0693,43,1041089,8471,721175,24,693,8.4,105,3,0,0.0976,0.6927,0
C0694,26,1129595,32997,1083852,60,700,16.5,67,0,0,0.3505,0.9595,0
C0695,58,1987402,32636,89054,36,694,7.9,168,4,0,0.1971,0.0448,0
C0696,31,1557638,55313,985292,12,722,4.3,151,6,0,0.4261,0.6326,0
C0697,33,1308281,61210,137644,12,669,2.9,148,6,0,0.5614,0.1052,0
C0698,23,532392,10955,676909,36,713,4.1,129,2,0,0.2469,1.2714,1
C0699,55,1459905,11166,680484,12,721,13.3,150,3,0,0.0918,0.4661,0
C0700,50,1164369,68167,717531,72,755,1.4,162,6,0,0.7025,0.6162,1
C0701,43,1712899,4080,1500904,24,826,9.5,90,5,0,0.0286,0.8762,1
C0702,34,2012931,119344,1510645,72,633,6.8,148,0,0,0.7115,0.7505,0
C0703,27,409803,24028,114705,36,631,12.7,119,6,0,0.7036,0.2799,0
C0704,23,803297,26279,454731,48,776,4.6,124,6,0,0.3926,0.5661,0
C0705,45,1083258,30986,541274,48,734,11.7,83,2,1,0.3433,0.4997,1
C0706,35,1941305,116021,631639,60,650,3.5,34,1,0,0.7172,0.3254,0
C0707,61,1016221,10351,594471,60,702,8.9,22,6,0,0.1222,0.585,0
C0708,24,1340827,75415,1001952,12,760,6.0,180,5,1,0.6749,0.7473,1
C0709,49,1429388,49378,1134766,12,738,10.5,132,5,0,0.4145,0.7939,0
C0710,23,1923575,45870,221565,60,752,11.1,55,1,0,0.2862,0.1152,0
C0711,27,1328509,14678,108453,48,736,8.2,22,3,0,0.1326,0.0816,0
C0712,39,1316637,64072,549875,36,735,3.9,33,4,0,0.584,0.4176,0
C0713,61,2119325,18361,229379,12,612,7.5,154,0,0,0.104,0.1082,0
C0714,26,2133540,81028,1330811,72,660,3.1,20,0,0,0.4557,0.6238,1
C0715,47,1964780,115322,1307401,72,747,12.5,65,4,1,0.7043,0.6654,0
C0716,29,1704454,90575,1691921,12,642,7.9,172,1,1,0.6377,0.9926,1
C0717,27,1092078,35591,795309,48,674,8.7,136,3,0,0.3911,0.7283,0
C0718,26,815531,40307,964039,60,778,8.0,85,2,0,0.5931,1.1821,0
C0719,32,898278,26171,66948,60,696,1.7,80,4,0,0.3496,0.0745,0
C0720,58,509039,13266,254899,24,667,9.3,114,0,0,0.3127,0.5007,0
C0721,52,1668924,82753,678372,48,635,10.1,91,2,1,0.595,0.4065,1
C0722,23,1215435,63149,1358455,24,687,0.8,64,6,0,0.6235,1.1177,1
C0723,36,1959032,3296,204625,36,846,11.9,98,0,0,0.0202,0.1045,0
C0724,46,464150,8524,257434,36,744,10.4,13,5,2,0.2204,0.5546,1
C0725,35,370144,2687,485917,72,728,8.4,31,1,0,0.0871,1.3128,0
C0726,42,2193456,98899,1747618,36,616,5.1,67,6,0,0.5411,0.7967,0
C0727,27,776997,14562,608424,48,793,12.6,54,5,0,0.2249,0.783,0
C0728,25,1073151,21279,361567,36,682,0.6,143,2,0,0.2379,0.3369,0
C0729,60,2330975,19006,401133,60,710,7.4,126,3,0,0.0978,0.1721,0
C0730,52,1030774,48693,834080,60,654,3.2,88,3,0,0.5669,0.8092,0
C0731,60,433530,9680,465131,24,803,9.3,121,2,0,0.2679,1.0729,0
C0732,39,635504,7506,359380,48,650,8.6,40,0,0,0.1417,0.5655,0
C0733,50,2172265,85105,622563,48,695,3.0,133,0,1,0.4701,0.2866,0
C0734,41,2384554,145301,1399841,12,718,8.6,137,0,1,0.7312,0.587,1
C0735,35,1679881,99676,1760363,72,736,8.2,83,6,0,0.712,1.0479,0
C0736,57,1375281,41252,641072,36,692,0.5,8,3,0,0.3599,0.4661,0
C0737,23,2259728,106203,527266,24,544,0.5,44,5,0,0.564,0.2333,0
C0738,52,2215256,24511,706565,24,571,7.8,93,3,0,0.1328,0.319,0
C0739,58,406265,12012,544589,72,735,3.3,38,0,0,0.3548,1.3405,1
C0740,50,1971851,41274,733838,60,780,3.9,143,1,1,0.2512,0.3722,0
C0741,61,1919494,10350,1170907,48,687,9.7,106,1,0,0.0647,0.61,0
C0742,42,671083,8836,757668,60,744,16.0,49,4,0,0.158,1.129,1
C0743,27,1898557,70733,196757,48,726,6.4,174,0,0,0.4471,0.1036,0
C0744,48,938654,10463,1175023,48,668,7.2,34,6,0,0.1338,1.2518,0
C0745,42,2092781,81129,1256054,36,617,9.4,46,4,0,0.4652,0.6002,1
C0746,32,2149533,106657,1318459,24,564,2.7,22,3,0,0.5954,0.6134,1
C0747,28,1487589,40987,870175,60,583,1.6,94,6,0,0.3306,0.585,0
C0748,50,2200270,50088,1514906,60,761,9.7,104,0,0,0.2732,0.6885,0
C0749,40,1504273,66682,912512,60,669,6.3,61,0,0,0.5319,0.6066,0
C0750,43,2000067,23605,580090,24,628,7.9,121,0,0,0.1416,0.29,0
C0751,52,1878682,53992,129219,12,731,4.8,55,2,1,0.3449,0.0688,0
C0752,27,626234,17878,798244,48,760,12.9,146,6,1,0.3426,1.2747,1
C0753,34,1513732,12169,1458011,12,757,11.7,49,5,0,0.0965,0.9632,0
C0754,57,1186668,8259,1381251,60,634,7.9,119,0,0,0.0835,1.164,0
C0755,26,299569,10182,246421,24,708,10.7,57,1,1,0.4079,0.8226,0
C0756,27,1205128,24004,1568362,24,751,7.1,30,6,0,0.239,1.3014,0
C0757,35,1148721,17834,537395,24,670,10.7,115,0,0,0.1863,0.4678,0
C0758,47,1172413,30848,188446,72,724,10.6,123,2,1,0.3157,0.1607,0
C0759,61,2375373,46946,578356,12,687,8.8,143,4,0,0.2372,0.2435,0
C0760,31,1672704,85277,1647434,72,640,4.1,50,3,1,0.6118,0.9849,1
C0761,60,2162871,133968,1282010,72,736,2.8,65,0,0,0.7433,0.5927,0
C0762,50,1301504,12405,175667,24,649,1.3,164,1,0,0.1144,0.135,0
C0763,38,2141122,85240,1399731,12,639,6.8,77,4,0,0.4777,0.6537,0
C0764,37,1669448,33752,481630,60,808,10.7,93,1,0,0.2426,0.2885,0
C0765,37,1880067,2792,185511,48,680,4.5,167,0,0,0.0178,0.0987,0
C0766,31,664866,40838,625507,24,695,11.0,50,5,0,0.7371,0.9408,1
C0767,35,1307289,39401,1258844,48,717,2.2,83,5,0,0.3617,0.9629,0
C0768,46,1950358,23989,1037157,48,617,3.5,102,3,0,0.1476,0.5318,0
C0769,53,363093,11837,362047,60,630,7.3,27,1,0,0.3912,0.9971,1
C0770,41,1853480,81432,1058403,12,649,10.5,149,1,1,0.5272,0.571,1
C0771,55,1849751,99280,832541,48,687,0.5,107,3,0,0.6441,0.4501,0
C0772,30,1894077,23281,457326,48,779,6.9,150,6,0,0.1475,0.2415,0
C0773,54,1824261,98424,567559,24,610,5.1,114,3,1,0.6474,0.3111,0
C0774,32,1376100,61699,1478299,24,681,2.6,160,5,0,0.538,1.0743,1
C0775,28,1892071,69965,445991,48,727,2.7,26,1,0,0.4437,0.2357,0
C0776,47,1571756,97374,236381,12,630,10.4,111,2,0,0.7434,0.1504,0
C0777,36,1949208,109005,1081218,12,682,6.9,49,0,2,0.6711,0.5547,1
C0778,50,995691,26553,440909,72,733,9.1,51,4,0,0.32,0.4428,0
C0779,36,1058622,18996,907299,48,778,9.0,55,5,0,0.2153,0.8571,1
C0780,28,1864308,38275,184768,36,732,10.6,37,3,0,0.2464,0.0991,1
C0781,26,1396023,7486,253092,24,681,7.0,155,4,0,0.0643,0.1813,0
C0782,40,2318122,90350,1317459,48,649,10.4,127,2,0,0.4677,0.5683,0
C0783,46,1951309,116436,742595,12,700,6.0,97,0,0,0.716,0.3806,0
C0784,31,387711,6027,505609,60,665,0.9,160,6,0,0.1865,1.3041,1
C0785,53,2012778,125461,1754185,36,684,6.8,169,0,0,0.748,0.8715,1
C0786,51,1259615,65509,889207,72,663,0.5,161,3,0,0.6241,0.7059,0
C0787,53,701341,11382,962112,60,642,6.7,55,4,0,0.1947,1.3718,1
C0788,28,1543946,73925,1028956,24,796,6.0,178,3,0,0.5746,0.6664,0
C0789,36,994847,8912,962037,72,607,7.1,28,0,1,0.1075,0.967,1
C0790,39,2277756,34269,1445605,24,752,3.1,177,3,2,0.1805,0.6347,0
C0791,37,551233,23427,723292,60,643,4.6,103,6,0,0.51,1.3121,1
C0792,30,653877,40810,247296,72,759,10.1,93,1,0,0.7489,0.3782,0
C0793,59,287040,15879,253500,48,754,5.0,54,2,0,0.6638,0.8832,1
C0794,61,1211729,53814,69269,60,709,0.5,33,6,0,0.5329,0.0572,0
C0795,54,2191698,11003,1305943,36,726,9.0,176,2,0,0.0602,0.5959,0
C0796,59,2286063,58545,1088143,36,669,4.0,167,6,0,0.3073,0.476,0
C0797,36,1224019,65898,1575458,48,670,6.6,51,2,0,0.646,1.2871,0
C0798,58,1925364,57369,1471656,48,773,0.5,92,3,2,0.3576,0.7644,1
C0799,35,1931601,115489,1738357,12,719,9.9,154,6,0,0.7175,0.9,0
C0800,51,2303507,39964,489911,24,707,12.5,80,5,2,0.2082,0.2127,0
